{"nl": [-0.574671745300293, 0.9999666213989258, -0.9998738169670105, 0.9999596476554871, -0.5751171708106995, -0.9999876618385315, -0.9998579621315002, 0.5745481252670288], "l": [0.5929563641548157, 0.999860405921936, -0.9999780058860779, 0.9999865889549255, 0.5890234112739563, -0.9999375343322754, -0.9999915361404419, -0.5934264659881592]}